Constituency,constituency,max_votes,winner_party,State
AJMER - 13,AJMER - 13,747462,Bharatiya Janata Party,Rajasthan
ALWAR - 8,ALWAR - 8,631992,Bharatiya Janata Party,Rajasthan
AMBALA - 1,AMBALA - 1,663657,Indian National Congress,Haryana
ANANTNAG-RAJOURI - 3,ANANTNAG-RAJOURI - 3,521836,Jammu & Kashmir National Conference,Jammu and Kashmir
ARAKKONAM - 7,ARAKKONAM - 7,563216,Dravida Munnetra Kazhagam,Tamil Nadu
ARANI - 12,ARANI - 12,500099,Dravida Munnetra Kazhagam,Tamil Nadu
Adilabad - 1,Adilabad - 1,568168,Bharatiya Janata Party,Telangana
Agra - 18,Agra - 18,599397,Bharatiya Janata Party,Uttar Pradesh
Ahmedabad East - 7,Ahmedabad East - 7,770459,Bharatiya Janata Party,Gujarat
Ahmedabad West - 8,Ahmedabad West - 8,611704,Bharatiya Janata Party,Gujarat
Ahmednagar - 37,Ahmednagar - 37,624797,Nationalist Congress Party  Sharadchandra Pawar,Maharashtra
Akbarpur - 44,Akbarpur - 44,517423,Bharatiya Janata Party,Uttar Pradesh
Akola - 6,Akola - 6,457030,Bharatiya Janata Party,Maharashtra
Alappuzha - 15,Alappuzha - 15,404560,Indian National Congress,Kerala
Alathur - 9,Alathur - 9,403447,Communist Party of India (Marxist),Kerala
Aligarh - 15,Aligarh - 15,501834,Bharatiya Janata Party,Uttar Pradesh
Alipurduars - 2,Alipurduars - 2,695314,Bharatiya Janata Party,West Bengal
Allahabad - 52,Allahabad - 52,462145,Indian National Congress,Uttar Pradesh
Almora - 3,Almora - 3,429167,Bharatiya Janata Party,Uttarakhand
Amalapuram (SC) - 7,Amalapuram (SC) - 7,796981,Telugu Desam,Andhra Pradesh
Ambedkar Nagar - 55,Ambedkar Nagar - 55,544959,Samajwadi Party,Uttar Pradesh
Amethi - 37,Amethi - 37,539228,Indian National Congress,Uttar Pradesh
Amravati - 7,Amravati - 7,526271,Indian National Congress,Maharashtra
Amreli - 14,Amreli - 14,580872,Bharatiya Janata Party,Gujarat
Amritsar - 2,Amritsar - 2,255181,Indian National Congress,Punjab
Amroha - 9,Amroha - 9,476506,Bharatiya Janata Party,Uttar Pradesh
Anakapalle - 5,Anakapalle - 5,762069,Bharatiya Janata Party,Andhra Pradesh
Anand - 16,Anand - 16,612484,Bharatiya Janata Party,Gujarat
Anandpur Sahib - 6,Anandpur Sahib - 6,313217,Aam Aadmi Party,Punjab
Ananthapur - 19,Ananthapur - 19,768245,Telugu Desam,Andhra Pradesh
Andaman & Nicobar Islands - 1,Andaman & Nicobar Islands - 1,102436,Bharatiya Janata Party,Andaman & Nicobar Islands
Aonla - 24,Aonla - 24,492515,Samajwadi Party,Uttar Pradesh
Araku (ST) - 1,Araku (ST) - 1,477005,Yuvajana Sramika Rythu Congress Party,Andhra Pradesh
Arambagh - 29,Arambagh - 29,712587,All India Trinamool Congress,West Bengal
Araria - 9,Araria - 9,600146,Bharatiya Janata Party,Bihar
Arrah - 32,Arrah - 32,529382,Communist Party of India (Marxist-Leninist) (Liberation),Bihar
Arunachal East - 2,Arunachal East - 2,145581,Bharatiya Janata Party,Arunachal Pradesh
Arunachal West - 1,Arunachal West - 1,205417,Bharatiya Janata Party,Arunachal Pradesh
Asansol - 40,Asansol - 40,605645,All India Trinamool Congress,West Bengal
Aska - 19,Aska - 19,494226,Bharatiya Janata Party,Odisha
Attingal - 19,Attingal - 19,328051,Indian National Congress,Kerala
Aurangabad - 19,Aurangabad - 19,476130,Shiv Sena,Maharashtra
Aurangabad - 37,Aurangabad - 37,465567,Rashtriya Janata Dal,Bihar
Azamgarh - 69,Azamgarh - 69,508239,Samajwadi Party,Uttar Pradesh
BALAGHAT - 15,BALAGHAT - 15,712660,Bharatiya Janata Party,Madhya Pradesh
BANSWARA - 20,BANSWARA - 20,820831,Bharat Adivasi Party,Rajasthan
BARAMULLA - 1,BARAMULLA - 1,472481,Independent,Jammu and Kashmir
BARMER - 17,BARMER - 17,704676,Indian National Congress,Rajasthan
BASTAR - 10,BASTAR - 10,458398,Bharatiya Janata Party,Chhattisgarh
BETUL - 29,BETUL - 29,848236,Bharatiya Janata Party,Madhya Pradesh
BHARATPUR - 9,BHARATPUR - 9,579890,Indian National Congress,Rajasthan
BHILWARA - 23,BHILWARA - 23,807640,Bharatiya Janata Party,Rajasthan
BHIND - 2,BHIND - 2,537065,Bharatiya Janata Party,Madhya Pradesh
BHIWANI-MAHENDRAGARH - 8,BHIWANI-MAHENDRAGARH - 8,588664,Bharatiya Janata Party,Haryana
BHOPAL - 19,BHOPAL - 19,981109,Bharatiya Janata Party,Madhya Pradesh
BIKANER - 2,BIKANER - 2,566737,Bharatiya Janata Party,Rajasthan
BILASPUR - 5,BILASPUR - 5,724937,Bharatiya Janata Party,Chhattisgarh
Badaun - 23,Badaun - 23,501855,Samajwadi Party,Uttar Pradesh
Bagalkot - 3,Bagalkot - 3,671039,Bharatiya Janata Party,Karnataka
Baghpat - 11,Baghpat - 11,488967,Rashtriya Lok Dal,Uttar Pradesh
Baharaich - 56,Baharaich - 56,518802,Bharatiya Janata Party,Uttar Pradesh
Baharampur - 10,Baharampur - 10,524516,All India Trinamool Congress,West Bengal
Balasore - 6,Balasore - 6,563865,Bharatiya Janata Party,Odisha
Ballia - 72,Ballia - 72,467068,Samajwadi Party,Uttar Pradesh
Balurghat - 6,Balurghat - 6,574996,Bharatiya Janata Party,West Bengal
Banaskantha - 2,Banaskantha - 2,671883,Indian National Congress,Gujarat
Banda - 48,Banda - 48,406567,Samajwadi Party,Uttar Pradesh
Bangalore North - 24,Bangalore North - 24,986049,Bharatiya Janata Party,Karnataka
Bangalore Rural - 23,Bangalore Rural - 23,1079002,Bharatiya Janata Party,Karnataka
Bangalore South - 26,Bangalore South - 26,750830,Bharatiya Janata Party,Karnataka
Bangalore central - 25,Bangalore central - 25,658915,Bharatiya Janata Party,Karnataka
Bangaon - 14,Bangaon - 14,719505,Bharatiya Janata Party,West Bengal
Banka - 27,Banka - 27,506678,Janata Dal (United),Bihar
Bankura - 36,Bankura - 36,641813,All India Trinamool Congress,West Bengal
Bansgaon - 67,Bansgaon - 67,428693,Bharatiya Janata Party,Uttar Pradesh
Bapatla (SC) - 15,Bapatla (SC) - 15,717493,Telugu Desam,Andhra Pradesh
Barabanki - 53,Barabanki - 53,719927,Indian National Congress,Uttar Pradesh
Baramati - 35,Baramati - 35,732312,Nationalist Congress Party  Sharadchandra Pawar,Maharashtra
Barasat - 17,Barasat - 17,692010,All India Trinamool Congress,West Bengal
Bardhaman Purba - 38,Bardhaman Purba - 38,720302,All India Trinamool Congress,West Bengal
Bardhaman-Durgapur - 39,Bardhaman-Durgapur - 39,720667,All India Trinamool Congress,West Bengal
Bardoli - 23,Bardoli - 23,763950,Bharatiya Janata Party,Gujarat
Bareilly - 25,Bareilly - 25,567127,Bharatiya Janata Party,Uttar Pradesh
Bargarh - 1,Bargarh - 1,716359,Bharatiya Janata Party,Odisha
Barpeta - 3,Barpeta - 3,860113,Asom Gana Parishad,Assam
Barrackpur - 15,Barrackpur - 15,520231,All India Trinamool Congress,West Bengal
Basirhat - 18,Basirhat - 18,803762,All India Trinamool Congress,West Bengal
Basti - 61,Basti - 61,527005,Samajwadi Party,Uttar Pradesh
Bathinda - 11,Bathinda - 11,376558,Shiromani Akali Dal,Punjab
Beed - 39,Beed - 39,683950,Nationalist Congress Party  Sharadchandra Pawar,Maharashtra
Begusarai - 24,Begusarai - 24,649331,Bharatiya Janata Party,Bihar
Belgaum - 2,Belgaum - 2,762029,Bharatiya Janata Party,Karnataka
Bellary - 9,Bellary - 9,730845,Indian National Congress,Karnataka
Berhampur - 20,Berhampur - 20,513102,Bharatiya Janata Party,Odisha
Bhadohi - 78,Bhadohi - 78,459982,Bharatiya Janata Party,Uttar Pradesh
Bhadrak - 7,Bhadrak - 7,573319,Bharatiya Janata Party,Odisha
Bhagalpur - 26,Bhagalpur - 26,536031,Janata Dal (United),Bihar
Bhandara Gondiya - 11,Bhandara Gondiya - 11,587413,Indian National Congress,Maharashtra
Bharuch - 22,Bharuch - 22,608157,Bharatiya Janata Party,Gujarat
Bhavnagar - 15,Bhavnagar - 15,716883,Bharatiya Janata Party,Gujarat
Bhiwandi - 23,Bhiwandi - 23,499464,Nationalist Congress Party  Sharadchandra Pawar,Maharashtra
Bhongir - 14,Bhongir - 14,629143,Indian National Congress,Telangana
Bhubaneswar - 18,Bhubaneswar - 18,512519,Bharatiya Janata Party,Odisha
Bidar - 7,Bidar - 7,666317,Indian National Congress,Karnataka
Bijapur - 4,Bijapur - 4,672781,Bharatiya Janata Party,Karnataka
Bijnor - 4,Bijnor - 4,404493,Rashtriya Lok Dal,Uttar Pradesh
Birbhum - 42,Birbhum - 42,717961,All India Trinamool Congress,West Bengal
Bishnupur - 37,Bishnupur - 37,680130,Bharatiya Janata Party,West Bengal
Bolangir - 10,Bolangir - 10,617744,Bharatiya Janata Party,Odisha
Bolpur - 41,Bolpur - 41,855633,All India Trinamool Congress,West Bengal
Bulandshahr - 14,Bulandshahr - 14,597310,Bharatiya Janata Party,Uttar Pradesh
Buldhana - 5,Buldhana - 5,349867,Shiv Sena,Maharashtra
Buxar - 33,Buxar - 33,438345,Rashtriya Janata Dal,Bihar
CHENNAI CENTRAL - 4,CHENNAI CENTRAL - 4,413848,Dravida Munnetra Kazhagam,Tamil Nadu
CHENNAI NORTH - 2,CHENNAI NORTH - 2,497333,Dravida Munnetra Kazhagam,Tamil Nadu
CHENNAI SOUTH - 3,CHENNAI SOUTH - 3,516628,Dravida Munnetra Kazhagam,Tamil Nadu
CHHINDWARA - 16,CHHINDWARA - 16,644738,Bharatiya Janata Party,Madhya Pradesh
CHIDAMBARAM - 27,CHIDAMBARAM - 27,505084,Viduthalai Chiruthaigal Katchi,Tamil Nadu
CHITTORGARH - 21,CHITTORGARH - 21,888202,Bharatiya Janata Party,Rajasthan
CHURU - 3,CHURU - 3,728211,Indian National Congress,Rajasthan
COIMBATORE - 20,COIMBATORE - 20,568200,Dravida Munnetra Kazhagam,Tamil Nadu
CUDDALORE - 26,CUDDALORE - 26,455053,Indian National Congress,Tamil Nadu
Chalakudy - 11,Chalakudy - 11,394171,Indian National Congress,Kerala
Chamarajanagar - 22,Chamarajanagar - 22,751671,Indian National Congress,Karnataka
Chandauli - 76,Chandauli - 76,474476,Samajwadi Party,Uttar Pradesh
Chandigarh - 1,Chandigarh - 1,216657,Indian National Congress,Chandigarh
Chandni Chowk - 1,Chandni Chowk - 1,516496,Bharatiya Janata Party,NCT OF Delhi
Chandrapur - 13,Chandrapur - 13,718410,Indian National Congress,Maharashtra
Chatra - 4,Chatra - 4,574556,Bharatiya Janata Party,Jharkhand
Chevella - 10,Chevella - 10,809882,Bharatiya Janata Party,Telangana
Chhota Udaipur - 21,Chhota Udaipur - 21,796589,Bharatiya Janata Party,Gujarat
Chikkballapur - 27,Chikkballapur - 27,822619,Bharatiya Janata Party,Karnataka
Chikkodi - 1,Chikkodi - 1,713461,Indian National Congress,Karnataka
Chitradurga - 18,Chitradurga - 18,684890,Bharatiya Janata Party,Karnataka
Chittoor(SC) - 25,Chittoor(SC) - 25,778071,Telugu Desam,Andhra Pradesh
Coochbehar - 1,Coochbehar - 1,788375,All India Trinamool Congress,West Bengal
Cuttack - 14,Cuttack - 14,531601,Bharatiya Janata Party,Odisha
DAMOH - 7,DAMOH - 7,709768,Bharatiya Janata Party,Madhya Pradesh
DAUSA - 11,DAUSA - 11,646266,Indian National Congress,Rajasthan
DEWAS - 21,DEWAS - 21,928941,Bharatiya Janata Party,Madhya Pradesh
DHAR - 25,DHAR - 25,794449,Bharatiya Janata Party,Madhya Pradesh
DHARMAPURI - 10,DHARMAPURI - 10,432667,Dravida Munnetra Kazhagam,Tamil Nadu
DINDIGUL - 22,DINDIGUL - 22,670149,Communist Party of India (Marxist),Tamil Nadu
DURG - 7,DURG - 7,956497,Bharatiya Janata Party,Chhattisgarh
Dadar & Nagar Haveli - 2,Dadar & Nagar Haveli - 2,121074,Bharatiya Janata Party,Dadra & Nagar Haveli and Daman & Diu
Dahod - 19,Dahod - 19,688715,Bharatiya Janata Party,Gujarat
Dakshina Kannada - 17,Dakshina Kannada - 17,764132,Bharatiya Janata Party,Karnataka
Daman & Diu - 1,Daman & Diu - 1,42523,Independent,Dadra & Nagar Haveli and Daman & Diu
Darbhanga - 14,Darbhanga - 14,566630,Bharatiya Janata Party,Bihar
Darjeeling - 4,Darjeeling - 4,679331,Bharatiya Janata Party,West Bengal
Darrang-Udalguri - 4,Darrang-Udalguri - 4,868387,Bharatiya Janata Party,Assam
Davanagere - 13,Davanagere - 13,633059,Indian National Congress,Karnataka
Deoria - 66,Deoria - 66,504541,Bharatiya Janata Party,Uttar Pradesh
Dhanbad - 7,Dhanbad - 7,789172,Bharatiya Janata Party,Jharkhand
Dharwad - 11,Dharwad - 11,716231,Bharatiya Janata Party,Karnataka
Dhaurahra - 29,Dhaurahra - 29,443743,Samajwadi Party,Uttar Pradesh
Dhenkanal - 9,Dhenkanal - 9,598721,Bharatiya Janata Party,Odisha
Dhubri - 2,Dhubri - 2,1471885,Indian National Congress,Assam
Dhule - 2,Dhule - 2,583866,Indian National Congress,Maharashtra
Diamond harbour - 21,Diamond harbour - 21,1048230,All India Trinamool Congress,West Bengal
Dibrugarh - 13,Dibrugarh - 13,693762,Bharatiya Janata Party,Assam
Dindori - 20,Dindori - 20,577339,Nationalist Congress Party  Sharadchandra Pawar,Maharashtra
Diphu - 6,Diphu - 6,334620,Bharatiya Janata Party,Assam
Domariyaganj - 60,Domariyaganj - 60,463303,Bharatiya Janata Party,Uttar Pradesh
Dum dum - 16,Dum dum - 16,528579,All India Trinamool Congress,West Bengal
Dumka - 2,Dumka - 2,547370,Jharkhand Mukti Morcha,Jharkhand
ERODE - 17,ERODE - 17,562339,Dravida Munnetra Kazhagam,Tamil Nadu
East Delhi - 3,East Delhi - 3,664819,Bharatiya Janata Party,NCT OF Delhi
Eluru - 10,Eluru - 10,746351,Telugu Desam,Andhra Pradesh
Ernakulam - 12,Ernakulam - 12,482317,Indian National Congress,Kerala
Etah - 22,Etah - 22,475808,Samajwadi Party,Uttar Pradesh
Etawah - 41,Etawah - 41,490747,Samajwadi Party,Uttar Pradesh
FARIDABAD - 10,FARIDABAD - 10,788569,Bharatiya Janata Party,Haryana
Faizabad - 54,Faizabad - 54,554289,Samajwadi Party,Uttar Pradesh
Faridkot - 9,Faridkot - 9,298062,Independent,Punjab
Farrukhabad - 40,Farrukhabad - 40,487963,Bharatiya Janata Party,Uttar Pradesh
Fatehgarh Sahib - 8,Fatehgarh Sahib - 8,332591,Indian National Congress,Punjab
Fatehpur - 49,Fatehpur - 49,500328,Samajwadi Party,Uttar Pradesh
Fatehpur Sikri - 19,Fatehpur Sikri - 19,445657,Bharatiya Janata Party,Uttar Pradesh
Firozabad - 20,Firozabad - 20,543037,Samajwadi Party,Uttar Pradesh
Firozpur - 10,Firozpur - 10,266626,Indian National Congress,Punjab
GANGANAGAR - 1,GANGANAGAR - 1,726492,Indian National Congress,Rajasthan
GUNA - 4,GUNA - 4,923302,Bharatiya Janata Party,Madhya Pradesh
GURGAON - 9,GURGAON - 9,808336,Bharatiya Janata Party,Haryana
GWALIOR - 3,GWALIOR - 3,671535,Bharatiya Janata Party,Madhya Pradesh
Gadchiroli - Chimur - 12,Gadchiroli - Chimur - 12,617792,Indian National Congress,Maharashtra
Gandhinagar - 6,Gandhinagar - 6,1010972,Bharatiya Janata Party,Gujarat
Garhwal - 2,Garhwal - 2,432159,Bharatiya Janata Party,Uttarakhand
Gautam Buddha Nagar - 13,Gautam Buddha Nagar - 13,857829,Bharatiya Janata Party,Uttar Pradesh
Gaya - 38,Gaya - 38,494960,Hindustani Awam Morcha (Secular),Bihar
Ghatal - 32,Ghatal - 32,837990,All India Trinamool Congress,West Bengal
Ghaziabad - 12,Ghaziabad - 12,854170,Bharatiya Janata Party,Uttar Pradesh
Ghazipur - 75,Ghazipur - 75,539912,Samajwadi Party,Uttar Pradesh
Ghosi - 70,Ghosi - 70,503131,Samajwadi Party,Uttar Pradesh
Giridih - 6,Giridih - 6,451139,AJSU Party,Jharkhand
Godda - 3,Godda - 3,693140,Bharatiya Janata Party,Jharkhand
Gonda - 59,Gonda - 59,474258,Bharatiya Janata Party,Uttar Pradesh
Gopalganj - 17,Gopalganj - 17,511866,Janata Dal (United),Bihar
Gorakhpur - 64,Gorakhpur - 64,585834,Bharatiya Janata Party,Uttar Pradesh
Gulbarga - 5,Gulbarga - 5,652321,Indian National Congress,Karnataka
Guntur - 13,Guntur - 13,864948,Telugu Desam,Andhra Pradesh
Gurdaspur - 1,Gurdaspur - 1,364043,Indian National Congress,Punjab
Guwahati - 5,Guwahati - 5,894887,Bharatiya Janata Party,Assam
HAMIRPUR - 3,HAMIRPUR - 3,607068,Bharatiya Janata Party,Himachal Pradesh
HISAR - 4,HISAR - 4,570424,Indian National Congress,Haryana
HOSHANGABAD - 17,HOSHANGABAD - 17,812147,Bharatiya Janata Party,Madhya Pradesh
Hajipur - 21,Hajipur - 21,615718,Lok Janshakti Party(Ram Vilas),Bihar
Hamirpur - 47,Hamirpur - 47,490683,Samajwadi Party,Uttar Pradesh
Hardoi - 31,Hardoi - 31,486798,Bharatiya Janata Party,Uttar Pradesh
Haridwar - 5,Haridwar - 5,653808,Bharatiya Janata Party,Uttarakhand
Hassan - 16,Hassan - 16,672988,Indian National Congress,Karnataka
Hathras - 16,Hathras - 16,554746,Bharatiya Janata Party,Uttar Pradesh
Hatkanangale - 48,Hatkanangale - 48,520190,Shiv Sena,Maharashtra
Haveri - 10,Haveri - 10,705538,Bharatiya Janata Party,Karnataka
Hazaribagh - 14,Hazaribagh - 14,654613,Bharatiya Janata Party,Jharkhand
Hindupur - 20,Hindupur - 20,725534,Telugu Desam,Andhra Pradesh
Hingoli - 15,Hingoli - 15,492535,Shiv Sena (Uddhav Balasaheb Thackrey),Maharashtra
Hooghly - 28,Hooghly - 28,702744,All India Trinamool Congress,West Bengal
Hoshiarpur - 5,Hoshiarpur - 5,303859,Aam Aadmi Party,Punjab
Howrah - 25,Howrah - 25,626493,All India Trinamool Congress,West Bengal
Hyderabad - 9,Hyderabad - 9,661981,All India Majlis-E-Ittehadul Muslimeen,Telangana
INDORE - 26,INDORE - 26,1226751,Bharatiya Janata Party,Madhya Pradesh
Idukki - 13,Idukki - 13,432372,Indian National Congress,Kerala
Inner Manipur - 1,Inner Manipur - 1,374017,Indian National Congress,Manipur
JABALPUR - 13,JABALPUR - 13,790133,Bharatiya Janata Party,Madhya Pradesh
JAIPUR - 7,JAIPUR - 7,886850,Bharatiya Janata Party,Rajasthan
JAIPUR RURAL - 6,JAIPUR RURAL - 6,617877,Bharatiya Janata Party,Rajasthan
JALORE - 18,JALORE - 18,796783,Bharatiya Janata Party,Rajasthan
JAMMU - 5,JAMMU - 5,687588,Bharatiya Janata Party,Jammu and Kashmir
JANJGIR-CHAMPA - 3,JANJGIR-CHAMPA - 3,678199,Bharatiya Janata Party,Chhattisgarh
JHALAWAR-BARAN - 25,JHALAWAR-BARAN - 25,865376,Bharatiya Janata Party,Rajasthan
JHUNJHUNU - 4,JHUNJHUNU - 4,553168,Indian National Congress,Rajasthan
JODHPUR - 16,JODHPUR - 16,730056,Bharatiya Janata Party,Rajasthan
Jadavpur - 22,Jadavpur - 22,717899,All India Trinamool Congress,West Bengal
Jagatsinghpur - 16,Jagatsinghpur - 16,589093,Bharatiya Janata Party,Odisha
Jahanabad - 36,Jahanabad - 36,443035,Rashtriya Janata Dal,Bihar
Jajpur - 8,Jajpur - 8,532652,Biju Janata Dal,Odisha
Jalandhar - 4,Jalandhar - 4,390053,Indian National Congress,Punjab
Jalaun - 45,Jalaun - 45,530180,Samajwadi Party,Uttar Pradesh
Jalgaon - 3,Jalgaon - 3,674428,Bharatiya Janata Party,Maharashtra
Jalna - 18,Jalna - 18,607897,Indian National Congress,Maharashtra
Jalpaiguri - 3,Jalpaiguri - 3,766568,Bharatiya Janata Party,West Bengal
Jamnagar - 12,Jamnagar - 12,620049,Bharatiya Janata Party,Gujarat
Jamshedpur - 9,Jamshedpur - 9,726174,Bharatiya Janata Party,Jharkhand
Jamui - 40,Jamui - 40,509046,Lok Janshakti Party(Ram Vilas),Bihar
Jangipur - 9,Jangipur - 9,544427,All India Trinamool Congress,West Bengal
Jaunpur - 73,Jaunpur - 73,509130,Samajwadi Party,Uttar Pradesh
Jhanjharpur - 7,Jhanjharpur - 7,533032,Janata Dal (United),Bihar
Jhansi - 46,Jhansi - 46,690316,Bharatiya Janata Party,Uttar Pradesh
Jhargram - 33,Jhargram - 33,743478,All India Trinamool Congress,West Bengal
Jorhat - 14,Jorhat - 14,751771,Indian National Congress,Assam
Joynagar - 19,Joynagar - 19,894312,All India Trinamool Congress,West Bengal
Junagadh - 13,Junagadh - 13,584049,Bharatiya Janata Party,Gujarat
KALLAKURICHI - 14,KALLAKURICHI - 14,561589,Dravida Munnetra Kazhagam,Tamil Nadu
KANCHEEPURAM - 6,KANCHEEPURAM - 6,586044,Dravida Munnetra Kazhagam,Tamil Nadu
KANGRA - 1,KANGRA - 1,632793,Bharatiya Janata Party,Himachal Pradesh
KANKER - 11,KANKER - 11,597624,Bharatiya Janata Party,Chhattisgarh
KANNIYAKUMARI - 39,KANNIYAKUMARI - 39,546248,Indian National Congress,Tamil Nadu
KARAULI-DHOLPUR - 10,KARAULI-DHOLPUR - 10,530011,Indian National Congress,Rajasthan
KARNAL - 5,KARNAL - 5,739285,Bharatiya Janata Party,Haryana
KARUR - 23,KARUR - 23,534906,Indian National Congress,Tamil Nadu
KHAJURAHO - 8,KHAJURAHO - 8,772774,Bharatiya Janata Party,Madhya Pradesh
KHANDWA - 28,KHANDWA - 28,862679,Bharatiya Janata Party,Madhya Pradesh
KHARGONE - 27,KHARGONE - 27,819863,Bharatiya Janata Party,Madhya Pradesh
KORBA - 4,KORBA - 4,570182,Indian National Congress,Chhattisgarh
KOTA - 24,KOTA - 24,750496,Bharatiya Janata Party,Rajasthan
KRISHNAGIRI - 9,KRISHNAGIRI - 9,492883,Indian National Congress,Tamil Nadu
KURUKSHETRA - 2,KURUKSHETRA - 2,542175,Bharatiya Janata Party,Haryana
Kachchh - 1,Kachchh - 1,659574,Bharatiya Janata Party,Gujarat
Kadapa - 21,Kadapa - 21,605143,Yuvajana Sramika Rythu Congress Party,Andhra Pradesh
Kairana - 2,Kairana - 2,528013,Samajwadi Party,Uttar Pradesh
Kaiserganj - 57,Kaiserganj - 57,571263,Bharatiya Janata Party,Uttar Pradesh
Kakinada - 6,Kakinada - 6,729699,Janasena Party,Andhra Pradesh
Kalahandi - 11,Kalahandi - 11,544303,Bharatiya Janata Party,Odisha
Kalyan - 24,Kalyan - 24,589636,Shiv Sena,Maharashtra
Kandhamal - 13,Kandhamal - 13,416415,Bharatiya Janata Party,Odisha
Kannauj - 42,Kannauj - 42,642292,Samajwadi Party,Uttar Pradesh
Kannur - 2,Kannur - 2,518524,Indian National Congress,Kerala
Kanpur - 43,Kanpur - 43,443055,Bharatiya Janata Party,Uttar Pradesh
Kanthi - 31,Kanthi - 31,763195,Bharatiya Janata Party,West Bengal
Karakat - 35,Karakat - 35,380581,Communist Party of India (Marxist-Leninist) (Liberation),Bihar
Karimganj - 7,Karimganj - 7,545093,Bharatiya Janata Party,Assam
Karimnagar - 3,Karimnagar - 3,585116,Bharatiya Janata Party,Telangana
Kasaragod - 1,Kasaragod - 1,490659,Indian National Congress,Kerala
Katihar - 11,Katihar - 11,567092,Indian National Congress,Bihar
Kaushambi - 50,Kaushambi - 50,509787,Samajwadi Party,Uttar Pradesh
Kaziranga - 10,Kaziranga - 10,897043,Bharatiya Janata Party,Assam
Kendrapara - 15,Kendrapara - 15,615705,Bharatiya Janata Party,Odisha
Keonjhar - 4,Keonjhar - 4,573923,Bharatiya Janata Party,Odisha
Khadoor Sahib - 3,Khadoor Sahib - 3,404430,Independent,Punjab
Khagaria - 25,Khagaria - 25,538657,Lok Janshakti Party(Ram Vilas),Bihar
Khammam - 17,Khammam - 17,766929,Indian National Congress,Telangana
Kheda - 17,Kheda - 17,744435,Bharatiya Janata Party,Gujarat
Kheri - 28,Kheri - 28,557365,Samajwadi Party,Uttar Pradesh
Khunti - 11,Khunti - 11,511647,Indian National Congress,Jharkhand
Kishanganj - 10,Kishanganj - 10,402850,Indian National Congress,Bihar
Kodarma - 5,Kodarma - 5,791657,Bharatiya Janata Party,Jharkhand
Kokrajhar - 1,Kokrajhar - 1,488995,"United Peoples Party, Liberal",Assam
Kolar - 28,Kolar - 28,691481,Janata Dal (Secular),Karnataka
Kolhapur - 47,Kolhapur - 47,754522,Indian National Congress,Maharashtra
Kolkata Dakshin - 23,Kolkata Dakshin - 23,615274,All India Trinamool Congress,West Bengal
Kolkata Uttar - 24,Kolkata Uttar - 24,454696,All India Trinamool Congress,West Bengal
Kollam - 18,Kollam - 18,443628,Revolutionary Socialist Party,Kerala
Koppal - 8,Koppal - 8,663511,Indian National Congress,Karnataka
Koraput - 21,Koraput - 21,471393,Indian National Congress,Odisha
Kottayam - 14,Kottayam - 14,364631,Kerala Congress,Kerala
Kozhikode - 5,Kozhikode - 5,520421,Indian National Congress,Kerala
Krishnanagar - 12,Krishnanagar - 12,628789,All India Trinamool Congress,West Bengal
Kurnoolu - 18,Kurnoolu - 18,658914,Telugu Desam,Andhra Pradesh
Kushi Nagar - 65,Kushi Nagar - 65,516345,Bharatiya Janata Party,Uttar Pradesh
Ladakh - 1,Ladakh - 1,65259,Independent,Ladakh
Lakhimpur - 12,Lakhimpur - 12,663122,Bharatiya Janata Party,Assam
Lakshadweep - 1,Lakshadweep - 1,25726,Indian National Congress,Lakshadweep
Lalganj - 68,Lalganj - 68,439959,Samajwadi Party,Uttar Pradesh
Latur - 41,Latur - 41,609021,Indian National Congress,Maharashtra
Lohardaga - 12,Lohardaga - 12,483038,Indian National Congress,Jharkhand
Lucknow - 35,Lucknow - 35,612709,Bharatiya Janata Party,Uttar Pradesh
Ludhiana - 7,Ludhiana - 7,322224,Indian National Congress,Punjab
MADURAI - 32,MADURAI - 32,430323,Communist Party of India (Marxist),Tamil Nadu
MAHASAMUND - 9,MAHASAMUND - 9,703659,Bharatiya Janata Party,Chhattisgarh
MANDI - 2,MANDI - 2,537022,Bharatiya Janata Party,Himachal Pradesh
MANDLA - 14,MANDLA - 14,751375,Bharatiya Janata Party,Madhya Pradesh
MANDSOUR - 23,MANDSOUR - 23,945761,Bharatiya Janata Party,Madhya Pradesh
MAYILADUTHURAI - 28,MAYILADUTHURAI - 28,518459,Indian National Congress,Tamil Nadu
MIZORAM - 1,MIZORAM - 1,208552,Zoram Peoples Movement,Mizoram
MORENA - 1,MORENA - 1,515477,Bharatiya Janata Party,Madhya Pradesh
Machhlishahr - 74,Machhlishahr - 74,451292,Samajwadi Party,Uttar Pradesh
Machilipatnam - 11,Machilipatnam - 11,724439,Janasena Party,Andhra Pradesh
Madha - 43,Madha - 43,622213,Nationalist Congress Party  Sharadchandra Pawar,Maharashtra
Madhepura - 13,Madhepura - 13,640649,Janata Dal (United),Bihar
Madhubani - 6,Madhubani - 6,553428,Bharatiya Janata Party,Bihar
Mahabubabad - 16,Mahabubabad - 16,612774,Indian National Congress,Telangana
Maharajganj - 19,Maharajganj - 19,529533,Bharatiya Janata Party,Bihar
Maharajganj - 63,Maharajganj - 63,591310,Bharatiya Janata Party,Uttar Pradesh
Mahbubnagar - 11,Mahbubnagar - 11,510747,Bharatiya Janata Party,Telangana
Mahesana - 4,Mahesana - 4,686406,Bharatiya Janata Party,Gujarat
Mainpuri - 21,Mainpuri - 21,598526,Samajwadi Party,Uttar Pradesh
Malappuram - 6,Malappuram - 6,644006,Indian Union Muslim League,Kerala
Maldaha Dakshin - 8,Maldaha Dakshin - 8,572395,Indian National Congress,West Bengal
Maldaha Uttar - 7,Maldaha Uttar - 7,527023,Bharatiya Janata Party,West Bengal
Malkajgiri - 7,Malkajgiri - 7,991042,Bharatiya Janata Party,Telangana
Mandya - 20,Mandya - 20,851881,Janata Dal (Secular),Karnataka
Mathura - 17,Mathura - 17,510064,Bharatiya Janata Party,Uttar Pradesh
Mathurapur - 20,Mathurapur - 20,755731,All India Trinamool Congress,West Bengal
Maval - 33,Maval - 33,692832,Shiv Sena,Maharashtra
Mavelikkara - 16,Mavelikkara - 16,369516,Indian National Congress,Kerala
Mayurbhanj - 5,Mayurbhanj - 5,585971,Bharatiya Janata Party,Odisha
Medak - 6,Medak - 6,471217,Bharatiya Janata Party,Telangana
Medinipur - 34,Medinipur - 34,702192,All India Trinamool Congress,West Bengal
Meerut - 10,Meerut - 10,546469,Bharatiya Janata Party,Uttar Pradesh
Mirzapur - 79,Mirzapur - 79,471631,Apna Dal (Soneylal),Uttar Pradesh
Misrikh - 32,Misrikh - 32,475016,Bharatiya Janata Party,Uttar Pradesh
Mohanlalganj - 34,Mohanlalganj - 34,667869,Samajwadi Party,Uttar Pradesh
Moradabad - 6,Moradabad - 6,637363,Samajwadi Party,Uttar Pradesh
Mumbai North - 26,Mumbai North - 26,680146,Bharatiya Janata Party,Maharashtra
Mumbai North Central - 29,Mumbai North Central - 29,445545,Indian National Congress,Maharashtra
Mumbai North East - 28,Mumbai North East - 28,450937,Shiv Sena (Uddhav Balasaheb Thackrey),Maharashtra
Mumbai North West - 27,Mumbai North West - 27,452596,Shiv Sena (Uddhav Balasaheb Thackrey),Maharashtra
Mumbai South - 31,Mumbai South - 31,395655,Shiv Sena (Uddhav Balasaheb Thackrey),Maharashtra
Mumbai South Central - 30,Mumbai South Central - 30,395138,Shiv Sena (Uddhav Balasaheb Thackrey),Maharashtra
Munger - 28,Munger - 28,550146,Janata Dal (United),Bihar
Murshidabad - 11,Murshidabad - 11,682442,All India Trinamool Congress,West Bengal
Muzaffarnagar - 3,Muzaffarnagar - 3,470721,Samajwadi Party,Uttar Pradesh
Muzaffarpur - 15,Muzaffarpur - 15,619749,Bharatiya Janata Party,Bihar
Mysore - 21,Mysore - 21,795503,Bharatiya Janata Party,Karnataka
NAGAPATTINAM - 29,NAGAPATTINAM - 29,465044,Communist Party of India,Tamil Nadu
NAGAUR - 14,NAGAUR - 14,596955,Rashtriya Loktantrik Party,Rajasthan
NAMAKKAL - 16,NAMAKKAL - 16,462036,Dravida Munnetra Kazhagam,Tamil Nadu
NILGIRIS - 19,NILGIRIS - 19,473212,Dravida Munnetra Kazhagam,Tamil Nadu
Nabarangpur - 12,Nabarangpur - 12,481396,Bharatiya Janata Party,Odisha
Nagaland - 1,Nagaland - 1,401951,Indian National Congress,Nagaland
Nagaon - 9,Nagaon - 9,788850,Indian National Congress,Assam
Nagarkurnool - 12,Nagarkurnool - 12,465072,Indian National Congress,Telangana
Nagina - 5,Nagina - 5,512552,Aazad Samaj Party (Kanshi Ram),Uttar Pradesh
Nagpur - 10,Nagpur - 10,655027,Bharatiya Janata Party,Maharashtra
Nainital-Udhamsingh Nagar - 4,Nainital-Udhamsingh Nagar - 4,772671,Bharatiya Janata Party,Uttarakhand
Nalanda - 29,Nalanda - 29,559422,Janata Dal (United),Bihar
Nalgonda - 13,Nalgonda - 13,784337,Indian National Congress,Telangana
Nanded - 16,Nanded - 16,528894,Indian National Congress,Maharashtra
Nandurbar - 1,Nandurbar - 1,745998,Indian National Congress,Maharashtra
Nandyal - 17,Nandyal - 17,701131,Telugu Desam,Andhra Pradesh
Narsapuram - 9,Narsapuram - 9,707343,Bharatiya Janata Party,Andhra Pradesh
Narsaraopet - 14,Narsaraopet - 14,807996,Telugu Desam,Andhra Pradesh
Nashik - 21,Nashik - 21,616729,Shiv Sena (Uddhav Balasaheb Thackrey),Maharashtra
Navsari - 25,Navsari - 25,1031065,Bharatiya Janata Party,Gujarat
Nawada - 39,Nawada - 39,410608,Bharatiya Janata Party,Bihar
Nellore - 22,Nellore - 22,766202,Telugu Desam,Andhra Pradesh
New Delhi - 4,New Delhi - 4,453185,Bharatiya Janata Party,NCT OF Delhi
Nizamabad - 4,Nizamabad - 4,592318,Bharatiya Janata Party,Telangana
North Goa - 1,North Goa - 1,257326,Bharatiya Janata Party,Goa
North-East Delhi - 2,North-East Delhi - 2,824451,Bharatiya Janata Party,NCT OF Delhi
North-West Delhi - 5,North-West Delhi - 5,866483,Bharatiya Janata Party,NCT OF Delhi
Ongole - 16,Ongole - 16,701894,Telugu Desam,Andhra Pradesh
Osmanabad - 40,Osmanabad - 40,748752,Shiv Sena (Uddhav Balasaheb Thackrey),Maharashtra
Outer Manipur - 2,Outer Manipur - 2,384954,Indian National Congress,Manipur
PALI - 15,PALI - 15,757389,Bharatiya Janata Party,Rajasthan
PERAMBALUR - 25,PERAMBALUR - 25,603209,Dravida Munnetra Kazhagam,Tamil Nadu
POLLACHI - 21,POLLACHI - 21,533377,Dravida Munnetra Kazhagam,Tamil Nadu
PUDUCHERRY - 1,PUDUCHERRY - 1,426005,Indian National Congress,Puducherry
Palakkad - 8,Palakkad - 8,421169,Indian National Congress,Kerala
Palamau - 13,Palamau - 13,770362,Bharatiya Janata Party,Jharkhand
Palghar - 22,Palghar - 22,601244,Bharatiya Janata Party,Maharashtra
Panchmahal - 18,Panchmahal - 18,794579,Bharatiya Janata Party,Gujarat
Parbhani - 17,Parbhani - 17,601343,Shiv Sena (Uddhav Balasaheb Thackrey),Maharashtra
Paschim Champaran - 2,Paschim Champaran - 2,580421,Bharatiya Janata Party,Bihar
Patan - 3,Patan - 3,591947,Bharatiya Janata Party,Gujarat
Pathanamthitta - 17,Pathanamthitta - 17,367623,Indian National Congress,Kerala
Patiala - 13,Patiala - 13,305616,Indian National Congress,Punjab
Patliputra - 31,Patliputra - 31,613283,Rashtriya Janata Dal,Bihar
Patna Sahib - 30,Patna Sahib - 30,588270,Bharatiya Janata Party,Bihar
Peddapalle - 2,Peddapalle - 2,475587,Indian National Congress,Telangana
Phulpur - 51,Phulpur - 51,452600,Bharatiya Janata Party,Uttar Pradesh
Pilibhit - 26,Pilibhit - 26,607158,Bharatiya Janata Party,Uttar Pradesh
Ponnani - 7,Ponnani - 7,562516,Indian Union Muslim League,Kerala
Porbandar - 11,Porbandar - 11,633118,Bharatiya Janata Party,Gujarat
Pratapgarh - 39,Pratapgarh - 39,441932,Samajwadi Party,Uttar Pradesh
Pune - 34,Pune - 34,584728,Bharatiya Janata Party,Maharashtra
Puri - 17,Puri - 17,629330,Bharatiya Janata Party,Odisha
Purnia - 12,Purnia - 12,567556,Independent,Bihar
Purulia - 35,Purulia - 35,578489,Bharatiya Janata Party,West Bengal
Purvi Champaran - 3,Purvi Champaran - 3,542193,Bharatiya Janata Party,Bihar
RAIGARH - 2,RAIGARH - 2,808275,Bharatiya Janata Party,Chhattisgarh
RAIPUR - 8,RAIPUR - 8,1050351,Bharatiya Janata Party,Chhattisgarh
RAJGARH - 20,RAJGARH - 20,758743,Bharatiya Janata Party,Madhya Pradesh
RAJNANDGAON - 6,RAJNANDGAON - 6,712057,Bharatiya Janata Party,Chhattisgarh
RAJSAMAND - 22,RAJSAMAND - 22,781203,Bharatiya Janata Party,Rajasthan
RAMANATHAPURAM - 35,RAMANATHAPURAM - 35,509664,Indian Union Muslim League,Tamil Nadu
RATLAM - 24,RATLAM - 24,795863,Bharatiya Janata Party,Madhya Pradesh
REWA - 10,REWA - 10,477459,Bharatiya Janata Party,Madhya Pradesh
ROHTAK - 7,ROHTAK - 7,783578,Indian National Congress,Haryana
Rae Bareli - 36,Rae Bareli - 36,687649,Indian National Congress,Uttar Pradesh
Raichur - 6,Raichur - 6,670966,Indian National Congress,Karnataka
Raigad - 32,Raigad - 32,508352,Nationalist Congress Party,Maharashtra
Raiganj - 5,Raiganj - 5,560897,Bharatiya Janata Party,West Bengal
Rajahmundry - 8,Rajahmundry - 8,726515,Bharatiya Janata Party,Andhra Pradesh
Rajampet - 24,Rajampet - 24,644844,Yuvajana Sramika Rythu Congress Party,Andhra Pradesh
Rajkot - 10,Rajkot - 10,857984,Bharatiya Janata Party,Gujarat
Rajmahal - 1,Rajmahal - 1,613371,Jharkhand Mukti Morcha,Jharkhand
Rampur - 7,Rampur - 7,481503,Samajwadi Party,Uttar Pradesh
Ramtek - 9,Ramtek - 9,613025,Indian National Congress,Maharashtra
Ranaghat - 13,Ranaghat - 13,782396,Bharatiya Janata Party,West Bengal
Ranchi - 8,Ranchi - 8,664732,Bharatiya Janata Party,Jharkhand
Ratnagiri- Sindhudurg - 46,Ratnagiri- Sindhudurg - 46,448514,Bharatiya Janata Party,Maharashtra
Raver - 4,Raver - 4,630879,Bharatiya Janata Party,Maharashtra
Robertsganj - 80,Robertsganj - 80,465848,Samajwadi Party,Uttar Pradesh
SAGAR - 5,SAGAR - 5,787979,Bharatiya Janata Party,Madhya Pradesh
SALEM - 15,SALEM - 15,566085,Dravida Munnetra Kazhagam,Tamil Nadu
SATNA - 9,SATNA - 9,459728,Bharatiya Janata Party,Madhya Pradesh
SHAHDOL - 12,SHAHDOL - 12,711143,Bharatiya Janata Party,Madhya Pradesh
SHIMLA - 4,SHIMLA - 4,519748,Bharatiya Janata Party,Himachal Pradesh
SIDHI - 11,SIDHI - 11,583559,Bharatiya Janata Party,Madhya Pradesh
SIKAR - 5,SIKAR - 5,659300,Communist Party of India (Marxist),Rajasthan
SIRSA - 3,SIRSA - 3,733823,Indian National Congress,Haryana
SIVAGANGA - 31,SIVAGANGA - 31,427677,Indian National Congress,Tamil Nadu
SONIPAT - 6,SONIPAT - 6,548682,Indian National Congress,Haryana
SRINAGAR - 2,SRINAGAR - 2,356866,Jammu & Kashmir National Conference,Jammu and Kashmir
SRIPERUMBUDUR - 5,SRIPERUMBUDUR - 5,758611,Dravida Munnetra Kazhagam,Tamil Nadu
SURGUJA - 1,SURGUJA - 1,713200,Bharatiya Janata Party,Chhattisgarh
Sabarkantha - 5,Sabarkantha - 5,677318,Bharatiya Janata Party,Gujarat
Saharanpur - 1,Saharanpur - 1,547967,Indian National Congress,Uttar Pradesh
Salempur - 71,Salempur - 71,405472,Samajwadi Party,Uttar Pradesh
Samastipur - 23,Samastipur - 23,579786,Lok Janshakti Party(Ram Vilas),Bihar
Sambalpur - 3,Sambalpur - 3,592162,Bharatiya Janata Party,Odisha
Sambhal - 8,Sambhal - 8,571161,Samajwadi Party,Uttar Pradesh
Sangli - 44,Sangli - 44,571666,Independent,Maharashtra
Sangrur - 12,Sangrur - 12,364085,Aam Aadmi Party,Punjab
Sant Kabir Nagar - 62,Sant Kabir Nagar - 62,498695,Samajwadi Party,Uttar Pradesh
Saran - 20,Saran - 20,471752,Bharatiya Janata Party,Bihar
Sasaram - 34,Sasaram - 34,513004,Indian National Congress,Bihar
Satara - 45,Satara - 45,571134,Bharatiya Janata Party,Maharashtra
Secunderabad - 8,Secunderabad - 8,473012,Bharatiya Janata Party,Telangana
Shahjahanpur - 27,Shahjahanpur - 27,592718,Bharatiya Janata Party,Uttar Pradesh
Sheohar - 4,Sheohar - 4,476612,Janata Dal (United),Bihar
Shillong - 1,Shillong - 1,571078,Voice of the People Party,Meghalaya
Shimoga - 14,Shimoga - 14,778721,Bharatiya Janata Party,Karnataka
Shirdi - 38,Shirdi - 38,476900,Shiv Sena (Uddhav Balasaheb Thackrey),Maharashtra
Shirur - 36,Shirur - 36,698692,Nationalist Congress Party  Sharadchandra Pawar,Maharashtra
Shrawasti - 58,Shrawasti - 58,511055,Samajwadi Party,Uttar Pradesh
Sikkim - 1,Sikkim - 1,164396,Sikkim Krantikari Morcha,Sikkim
Silchar - 8,Silchar - 8,652405,Bharatiya Janata Party,Assam
Singhbhum - 10,Singhbhum - 10,520164,Jharkhand Mukti Morcha,Jharkhand
Sitamarhi - 5,Sitamarhi - 5,515719,Janata Dal (United),Bihar
Sitapur - 30,Sitapur - 30,531138,Indian National Congress,Uttar Pradesh
Siwan - 18,Siwan - 18,386508,Janata Dal (United),Bihar
Solapur - 42,Solapur - 42,620225,Indian National Congress,Maharashtra
Sonitpur - 11,Sonitpur - 11,775788,Bharatiya Janata Party,Assam
South Delhi - 7,South Delhi - 7,692832,Bharatiya Janata Party,NCT OF Delhi
South Goa - 2,South Goa - 2,217836,Indian National Congress,Goa
Srerampur - 27,Srerampur - 27,673970,All India Trinamool Congress,West Bengal
Srikakulam - 2,Srikakulam - 2,754328,Telugu Desam,Andhra Pradesh
Sultanpur - 38,Sultanpur - 38,444330,Samajwadi Party,Uttar Pradesh
Sundargarh - 2,Sundargarh - 2,494282,Bharatiya Janata Party,Odisha
Supaul - 8,Supaul - 8,595038,Janata Dal (United),Bihar
Surat - 24,Surat - 24,-,Bharatiya Janata Party,Gujarat
Surendranagar - 9,Surendranagar - 9,669749,Bharatiya Janata Party,Gujarat
TENKASI - 37,TENKASI - 37,425679,Dravida Munnetra Kazhagam,Tamil Nadu
THANJAVUR - 30,THANJAVUR - 30,502245,Dravida Munnetra Kazhagam,Tamil Nadu
THENI - 33,THENI - 33,571493,Dravida Munnetra Kazhagam,Tamil Nadu
THOOTHUKKUDI - 36,THOOTHUKKUDI - 36,540729,Dravida Munnetra Kazhagam,Tamil Nadu
TIKAMGARH - 6,TIKAMGARH - 6,715050,Bharatiya Janata Party,Madhya Pradesh
TIRUCHIRAPPALLI - 24,TIRUCHIRAPPALLI - 24,542213,Marumalarchi Dravida Munnetra Kazhagam,Tamil Nadu
TIRUNELVELI - 38,TIRUNELVELI - 38,502296,Indian National Congress,Tamil Nadu
TIRUPPUR - 18,TIRUPPUR - 18,472739,Communist Party of India,Tamil Nadu
TIRUVALLUR - 1,TIRUVALLUR - 1,796956,Indian National Congress,Tamil Nadu
TIRUVANNAMALAI - 11,TIRUVANNAMALAI - 11,547379,Dravida Munnetra Kazhagam,Tamil Nadu
TONK-SAWAI MADHOPUR - 12,TONK-SAWAI MADHOPUR - 12,623763,Indian National Congress,Rajasthan
Tamluk - 30,Tamluk - 30,765584,Bharatiya Janata Party,West Bengal
Tehri Garhwal - 1,Tehri Garhwal - 1,462603,Bharatiya Janata Party,Uttarakhand
Thane - 25,Thane - 25,734231,Shiv Sena,Maharashtra
Thirupathi(SC) - 23,Thirupathi(SC) - 23,632228,Yuvajana Sramika Rythu Congress Party,Andhra Pradesh
Thiruvananthapuram - 20,Thiruvananthapuram - 20,358155,Indian National Congress,Kerala
Thrissur - 10,Thrissur - 10,412338,Bharatiya Janata Party,Kerala
Tripura East - 2,Tripura East - 2,777447,Bharatiya Janata Party,Tripura
Tripura West - 1,Tripura West - 1,881341,Bharatiya Janata Party,Tripura
Tumkur - 19,Tumkur - 19,720946,Bharatiya Janata Party,Karnataka
Tura - 2,Tura - 2,383919,Indian National Congress,Meghalaya
UDAIPUR - 19,UDAIPUR - 19,738286,Bharatiya Janata Party,Rajasthan
UDHAMPUR - 4,UDHAMPUR - 4,571076,Bharatiya Janata Party,Jammu and Kashmir
UJJAIN - 22,UJJAIN - 22,836104,Bharatiya Janata Party,Madhya Pradesh
Udupi Chikmagalur - 15,Udupi Chikmagalur - 15,732234,Bharatiya Janata Party,Karnataka
Ujiarpur - 22,Ujiarpur - 22,515965,Bharatiya Janata Party,Bihar
Uluberia - 26,Uluberia - 26,724622,All India Trinamool Congress,West Bengal
Unnao - 33,Unnao - 33,616133,Bharatiya Janata Party,Uttar Pradesh
Uttara Kannada - 12,Uttara Kannada - 12,782495,Bharatiya Janata Party,Karnataka
VELLORE - 8,VELLORE - 8,568692,Dravida Munnetra Kazhagam,Tamil Nadu
VIDISHA - 18,VIDISHA - 18,1116460,Bharatiya Janata Party,Madhya Pradesh
VILUPPURAM - 13,VILUPPURAM - 13,477033,Viduthalai Chiruthaigal Katchi,Tamil Nadu
VIRUDHUNAGAR - 34,VIRUDHUNAGAR - 34,385256,Indian National Congress,Tamil Nadu
Vadakara - 3,Vadakara - 3,557528,Indian National Congress,Kerala
Vadodara - 20,Vadodara - 20,873189,Bharatiya Janata Party,Gujarat
Vaishali - 16,Vaishali - 16,567043,Lok Janshakti Party(Ram Vilas),Bihar
Valmiki Nagar - 1,Valmiki Nagar - 1,523422,Janata Dal (United),Bihar
Valsad - 26,Valsad - 26,764226,Bharatiya Janata Party,Gujarat
Varanasi - 77,Varanasi - 77,612970,Bharatiya Janata Party,Uttar Pradesh
Vijayawada - 12,Vijayawada - 12,794154,Telugu Desam,Andhra Pradesh
Visakhapatnam - 4,Visakhapatnam - 4,907467,Telugu Desam,Andhra Pradesh
Vizianagaram - 3,Vizianagaram - 3,743113,Telugu Desam,Andhra Pradesh
Warangal - 15,Warangal - 15,581294,Indian National Congress,Telangana
Wardha - 8,Wardha - 8,533106,Nationalist Congress Party  Sharadchandra Pawar,Maharashtra
Wayanad - 4,Wayanad - 4,647445,Indian National Congress,Kerala
West Delhi - 6,West Delhi - 6,842658,Bharatiya Janata Party,NCT OF Delhi
Yavatmal- Washim - 14,Yavatmal- Washim - 14,594807,Shiv Sena (Uddhav Balasaheb Thackrey),Maharashtra
Zahirabad - 5,Zahirabad - 5,528418,Indian National Congress,Telangana
